League,Ridge_regression,Ridge_regression_upd
American League,0.7781341602247853,0.7783606572402303
National League,0.7309073099392792,0.7110870364950906
